,summary,name
0,"{'auc': [0.8879421487687138, 0.8829808924175244, 0.8814234983766234, 0.8729078733766233, 0.8848031655844156]}",TabNetClassificationPipeline_syn2__summary
