,summary,name
0,"{'auc': [0.8611355784274688, 0.8457206663690369, 0.8822119928729724, 0.8671444831899483, 0.8820340182841239]}",TabNetClassificationPipeline_syn6__summary
