,summary,name
0,"{'accuracy': [0.5551779288284686, 0.5461815273890444, 0.5665733706517393, 0.5485805677728909, 0.5559776089564175]}",TabNetClassificationPipeline_pokerhand__summary
