,summary,name
0,"{'accuracy': [0.8685317934993072, 0.8761735927643864, 0.8668267327584723, 0.8768695891636977, 0.8783067417084043]}",TabNetClassificationPipeline_forest_cover__summary
