,summary,name
0,"{'auc': [0.8952021112874526, 0.9051964603472322, 0.8999432902098462, 0.8933134548485869, 0.9081251233530799]}",TabNetClassificationPipeline_syn3__summary
