,summary,name
0,"{'mse': [37.076779713733856, 20.233010806001037, 29.205105227445028, 10.16486593945734, 18.398232078173667]}",TabNetRegressionPipeline_airfoil__summary
