,summary,name
0,"{'auc': [0.7624842977388744, 0.7870203309276536, 0.750789113632363, 0.7727287729433039, 0.7850500472067978]}",TabNetClassificationPipeline_syn5__summary
