,summary,name
0,"{'auc': [0.7669174101678045, 0.728638138698582, 0.7556530167483415, 0.7729031623745549, 0.7731880880982311]}",TabNetClassificationPipeline_syn4__summary
