,summary,name
0,"{'mse': [11.146836809788079, 11.913798453985594, 13.109526171925047, 10.824229289500318, 11.00634073526296]}",TabNetRegressionPipeline_sarcos__summary
