,summary,name
0,"{'auc': [0.6696660269942429, 0.6822301400712606, 0.6737200634805713, 0.6565279087511787, 0.6941722475502279]}",TabNetClassificationPipeline_syn1__summary
